{
  "concurrency_levels": [
    1,
    2,
    4,
    8,
    16,
    32
  ],
  "throughput": [
    3.521747631526638,
    5.814084953473386,
    12.168666686067315,
    23.458735829114012,
    15.639665485136922,
    0.0
  ],
  "avg_latency_ms": [
    678.8196957436085,
    270.4621272470279,
    113.18178055550436,
    45879.69758879998,
    3241.9588698997154,
    0.0
  ],
  "p99_latency_ms": [
    1329.569529056549,
    526.2362685203552,
    210.44395422935486,
    89545.79663276672,
    7835.177183151245,
    0.0
  ]
}