{
  "concurrency_levels": [
    1,
    2,
    4,
    8,
    16,
    32
  ],
  "throughput": [
    2.010514642271488,
    3.9315632156163556,
    7.265025274713856,
    13.297983828649741,
    16.612076824178903,
    0.0
  ],
  "avg_latency_ms": [
    1241.3576986567498,
    552.063438867038,
    234.18227736659676,
    109099.40357447365,
    5218.724425254243,
    0.0
  ],
  "p99_latency_ms": [
    2396.926409482956,
    1076.8014147281647,
    457.8580093383789,
    210654.56366539001,
    13268.433809280396,
    0.0
  ]
}