{
  "timestamp": "2026-01-20T09:34:34.215517",
  "experiment_name": "single_node",
  "metrics": {
    "total_tasks": 10,
    "successful_tasks": 10,
    "failed_tasks": 0,
    "total_duration_sec": 9.541174411773682,
    "throughput_tasks_per_sec": 1.0480890054436207,
    "avg_latency_ms": 2582.660484313965,
    "p50_latency_ms": 2769.0494060516357,
    "p95_latency_ms": 5135.3278160095215,
    "p99_latency_ms": 5135.3278160095215,
    "avg_scheduling_latency_ms": 0.0,
    "avg_queue_latency_ms": 0.0,
    "avg_execution_latency_ms": 0.0,
    "node_distribution": {
      "sage-node-9": 10
    },
    "node_balance_score": 1.0,
    "config": {
      "experiment_name": "single_node",
      "num_tasks": 10,
      "task_complexity": "medium",
      "parallelism": 1,
      "num_nodes": 1,
      "scheduler_type": "load_aware",
      "scheduler_strategy": "spread",
      "use_remote": true,
      "pipeline_stages": 3,
      "enable_rag": true,
      "enable_llm": true
    }
  },
  "latency_details": {
    "total_latencies_ms": [
      593796.968460083,
      1391873.836517334,
      1463264.9421691895,
      1730461.835861206,
      2287869.930267334,
      2769049.4060516357,
      2993344.54536438,
      3079628.2291412354,
      4381987.3332977295,
      5135327.8160095215
    ],
    "scheduling_latencies_ms": [],
    "execution_latencies_ms": []
  },
  "node_latencies_ms": {}
}