{
  "timestamp": "2026-01-17T08:28:07.286771",
  "experiment_name": "depth_deep_medium",
  "metrics": {
    "total_tasks": 200,
    "successful_tasks": 200,
    "failed_tasks": 0,
    "total_duration_sec": 19.96961784362793,
    "throughput_tasks_per_sec": 10.015214190181293,
    "avg_latency_ms": 2248.9170682430267,
    "p50_latency_ms": 2163.665533065796,
    "p95_latency_ms": 3891.862392425537,
    "p99_latency_ms": 4559.813976287842,
    "avg_scheduling_latency_ms": 0.0,
    "avg_queue_latency_ms": 0.0,
    "avg_execution_latency_ms": 0.0,
    "node_distribution": {
      "sage-node-8": 13,
      "sage-node-13": 13,
      "sage-node-11": 13,
      "sage-node-7": 13,
      "sage-node-10": 13,
      "sage-node-9": 13,
      "sage-node-15": 13,
      "sage-node-12": 13,
      "sage-node-14": 12,
      "sage-node-16": 12,
      "sage-node-4": 12,
      "sage-node-1": 12,
      "sage-node-2": 12,
      "sage-node-3": 12,
      "sage-node-6": 12,
      "sage-node-5": 12
    },
    "node_balance_score": 0.96,
    "config": {
      "experiment_name": "depth_deep_medium",
      "num_tasks": 200,
      "task_complexity": "medium",
      "parallelism": 16,
      "num_nodes": 4,
      "scheduler_type": "load_aware",
      "scheduler_strategy": "spread",
      "use_remote": true,
      "pipeline_stages": 5,
      "enable_rag": true,
      "enable_llm": true
    }
  },
  "latency_details": {
    "total_latencies_ms": [
      1989231.3480377197,
      1585002.8991699219,
      2116786.7183685303,
      2031654.3579101562,
      1724126.3389587402,
      2311568.9754486084,
      1341778.27835083,
      2163665.533065796,
      1852206.9454193115,
      1929859.8766326904,
      1060243.3681488037,
      1474044.3229675293,
      2620085.2394104004,
      2400819.778442383,
      1242309.808731079,
      2037292.718887329,
      2487772.226333618,
      1661084.8903656006,
      2854013.204574585,
      835675.2395629883,
      1729565.6204223633,
      2217450.6187438965,
      1409530.8780670166,
      2736266.851425171,
      933172.7027893066,
      1512801.6471862793,
      3028222.7993011475,
      2393740.8924102783,
      1986825.2277374268,
      2887479.543685913,
      1079554.796218872,
      3180058.9561462402,
      1710308.7902069092,
      3223195.5528259277,
      2129389.524459839,
      3073469.877243042,
      1202048.3016967773,
      3356431.007385254,
      1881317.377090454,
      2760756.015777588,
      2294178.9627075195,
      1281862.2589111328,
      2838661.6706848145,
      3257041.9311523438,
      2041816.7114257812,
      2808286.9052886963,
      3358616.590499878,
      2488193.2735443115,
      1393892.2882080078,
      3676853.4183502197,
      719365.3583526611,
      2966292.381286621,
      2582384.3479156494,
      2225030.6606292725,
      3509529.5906066895,
      1516724.8249053955,
      3883757.8296661377,
      2310781.717300415,
      813916.2063598633,
      3123791.456222534,
      2758366.107940674,
      3729555.84526062,
      4055370.330810547,
      2480582.4756622314,
      1670126.19972229,
      968022.346496582,
      3279470.443725586,
      2932291.5077209473,
      3891862.392425537,
      4232995.986938477,
      3381708.860397339,
      1798676.4907836914,
      2644747.734069824,
      1073754.072189331,
      3120977.1633148193,
      4066849.47013855,
      4357032.537460327,
      1942671.0605621338,
      3553303.7185668945,
      2837418.3177948,
      1250242.9485321045,
      3286989.688873291,
      4187622.547149658,
      2003745.7942962646,
      4559813.976287842,
      1311658.6208343506,
      2975885.6296539307,
      3402031.421661377,
      3718543.529510498,
      4383498.430252075,
      3066796.5412139893,
      4729715.585708618,
      2150714.874267578,
      793294.6681976318,
      3597495.5558776855,
      1512597.0840454102,
      4551689.386367798,
      883114.8147583008,
      2262851.9535064697,
      3234090.0897979736,
      3765532.970428467,
      1665555.0003051758,
      2406104.08782959,
      3369363.0695343018,
      1100713.2530212402,
      1791003.2272338867,
      2496411.3235473633,
      1246982.5744628906,
      1950006.2465667725,
      2645835.6380462646,
      1354790.9259796143,
      2091416.1205291748,
      1478336.8110656738,
      2189699.172973633,
      817655.5633544922,
      1622041.7022705078,
      992649.3167877197,
      2385844.4690704346,
      1772913.6943817139,
      2459067.8215026855,
      1148307.8002929688,
      1921288.7287139893,
      2658252.477645874,
      1298383.2359313965,
      2080179.4528961182,
      2793829.917907715,
      1470935.344696045,
      2162011.3849639893,
      1601906.2995910645,
      2334327.459335327,
      917999.267578125,
      1686270.9522247314,
      1027434.1106414795,
      2494104.8622131348,
      1856560.7070922852,
      1200518.6080932617,
      2648614.1681671143,
      1994987.964630127,
      1264230.728149414,
      2758543.4913635254,
      2145530.7006835938,
      2889039.5164489746,
      1441451.5495300293,
      2285058.02154541,
      1561395.8835601807,
      840613.3651733398,
      2447587.9669189453,
      941352.8442382812,
      1787992.000579834,
      2549488.067626953,
      1889716.1483764648,
      1108766.5557861328,
      2693489.5515441895,
      2023038.625717163,
      1250069.1413879395,
      2868811.1305236816,
      1365491.3902282715,
      2171284.9140167236,
      3004975.0804901123,
      1485527.515411377,
      2319827.079772949,
      835577.7263641357,
      1656713.0088806152,
      2488718.032836914,
      1045776.8440246582,
      1839663.7439727783,
      2667675.018310547,
      1134608.0303192139,
      2741638.18359375,
      1985535.6216430664,
      1292470.4551696777,
      2936345.5772399902,
      2159407.377243042,
      1509708.6429595947,
      2257380.0086975098,
      3095645.4277038574,
      1655081.033706665,
      2447642.5647735596,
      906639.575958252,
      1782469.5110321045,
      2657339.334487915,
      1146528.2440185547,
      1991578.8173675537,
      2859732.8662872314,
      1367680.311203003,
      2193475.7232666016,
      3086066.484451294,
      1556365.966796875,
      2408341.1693573,
      3273809.1945648193,
      1727860.450744629,
      2574363.946914673,
      1830994.6060180664,
      2729419.946670532,
      1977485.179901123,
      2799888.1340026855,
      2115732.192993164,
      2917098.045349121,
      3063585.5197906494,
      3196290.4930114746
    ],
    "scheduling_latencies_ms": [],
    "execution_latencies_ms": []
  },
  "node_latencies_ms": {}
}