{
  "timestamp": "2026-01-17T08:27:26.045073",
  "experiment_name": "depth_shallow_medium",
  "metrics": {
    "total_tasks": 200,
    "successful_tasks": 200,
    "failed_tasks": 0,
    "total_duration_sec": 10.130264520645142,
    "throughput_tasks_per_sec": 19.74282108748559,
    "avg_latency_ms": 427.584992647171,
    "p50_latency_ms": 409.86108779907227,
    "p95_latency_ms": 814.3837451934814,
    "p99_latency_ms": 1040.2348041534424,
    "avg_scheduling_latency_ms": 0.0,
    "avg_queue_latency_ms": 0.0,
    "avg_execution_latency_ms": 0.0,
    "node_distribution": {
      "sage-node-8": 16,
      "sage-node-13": 16,
      "sage-node-11": 16,
      "sage-node-7": 16,
      "sage-node-10": 16,
      "sage-node-9": 16,
      "sage-node-15": 16,
      "sage-node-12": 16,
      "sage-node-14": 16,
      "sage-node-16": 16,
      "sage-node-4": 16,
      "sage-node-1": 16,
      "sage-node-2": 8
    },
    "node_balance_score": 0.8614359353944898,
    "config": {
      "experiment_name": "depth_shallow_medium",
      "num_tasks": 200,
      "task_complexity": "medium",
      "parallelism": 16,
      "num_nodes": 4,
      "scheduler_type": "load_aware",
      "scheduler_strategy": "spread",
      "use_remote": true,
      "pipeline_stages": 2,
      "enable_rag": true,
      "enable_llm": true
    }
  },
  "latency_details": {
    "total_latencies_ms": [
      597958.3263397217,
      294836.04431152344,
      66301.34582519531,
      578057.5275421143,
      311525.3448486328,
      84681.51092529297,
      626390.2187347412,
      112555.02700805664,
      345638.5135650635,
      635837.3165130615,
      142126.32179260254,
      365459.4421386719,
      666679.859161377,
      178288.93661499023,
      428910.0170135498,
      703515.0527954102,
      443127.3937225342,
      220005.98907470703,
      740694.9996948242,
      261452.91328430176,
      517672.5387573242,
      771875.1430511475,
      555021.2860107422,
      307666.7785644531,
      814383.7451934814,
      599665.8802032471,
      340462.44621276855,
      846400.0225067139,
      137130.0220489502,
      370666.9807434082,
      642789.8406982422,
      883083.5819244385,
      176042.0799255371,
      398385.28633117676,
      686553.7166595459,
      920853.1379699707,
      203779.6974182129,
      428504.70542907715,
      727930.3073883057,
      960591.5546417236,
      232144.59419250488,
      456264.4958496094,
      769323.1105804443,
      1000868.7973022461,
      262081.62307739258,
      487262.0105743408,
      813242.4354553223,
      1040234.8041534424,
      294139.6236419678,
      516897.67837524414,
      854931.116104126,
      1081707.7159881592,
      324218.0347442627,
      546133.0413818359,
      897248.7449645996,
      355683.0883026123,
      145312.07084655762,
      387262.58277893066,
      195441.72286987305,
      420752.04849243164,
      228865.6234741211,
      452569.00787353516,
      259228.22952270508,
      484720.46852111816,
      290186.16676330566,
      516693.3536529541,
      305793.28536987305,
      552880.048751831,
      336920.02296447754,
      584802.8659820557,
      362931.2515258789,
      622682.5714111328,
      134686.23161315918,
      409222.6028442383,
      197378.63540649414,
      444437.74223327637,
      199198.72283935547,
      474357.60498046875,
      287511.58714294434,
      506182.9090118408,
      290221.6911315918,
      542939.6629333496,
      311485.52894592285,
      575613.7371063232,
      340197.3247528076,
      609551.9065856934,
      376557.5885772705,
      642460.5846405029,
      135637.76016235352,
      409861.08779907227,
      187032.69958496094,
      441854.95376586914,
      219647.40753173828,
      475185.1558685303,
      248070.71685791016,
      507511.1389160156,
      287321.8059539795,
      540998.2204437256,
      319737.19596862793,
      575509.0713500977,
      357559.4425201416,
      609812.4980926514,
      389084.1007232666,
      111040.83061218262,
      640456.4380645752,
      420127.63023376465,
      159294.84367370605,
      452393.2933807373,
      185350.6565093994,
      224477.05268859863,
      492788.31481933594,
      254836.7977142334,
      526614.9044036865,
      562728.4049987793,
      298240.66162109375,
      328320.2648162842,
      602310.1806640625,
      362923.62213134766,
      635172.1286773682,
      391928.67279052734,
      668497.8008270264,
      141209.12551879883,
      416751.3847351074,
      192918.3006286621,
      446274.2805480957,
      222715.6162261963,
      477509.9754333496,
      252718.92547607422,
      507542.1333312988,
      285311.9373321533,
      533288.7172698975,
      316853.52325439453,
      570314.1689300537,
      348536.72981262207,
      603501.558303833,
      377187.72888183594,
      136093.3780670166,
      407177.6866912842,
      182919.02542114258,
      440963.7451171875,
      213414.66903686523,
      472425.6992340088,
      244949.8176574707,
      494372.8446960449,
      285803.55644226074,
      582709.0740203857,
      319291.1148071289,
      589685.9169006348,
      350587.3680114746,
      619331.8367004395,
      378333.33015441895,
      121240.13900756836,
      652710.4377746582,
      411244.63081359863,
      168591.02249145508,
      442631.95991516113,
      201478.0044555664,
      474632.97843933105,
      236552.95372009277,
      508494.8539733887,
      267531.3949584961,
      533921.0033416748,
      299423.9330291748,
      557868.7191009521,
      328956.84242248535,
      589028.5968780518,
      360769.51026916504,
      618077.0397186279,
      121021.74758911133,
      388844.96688842773,
      169794.08264160156,
      409288.1679534912,
      433705.56831359863,
      203530.78842163086,
      465301.2752532959,
      236468.55354309082,
      498693.94302368164,
      272998.0945587158,
      536169.0521240234,
      312443.0179595947,
      571294.7845458984,
      346460.10398864746,
      601955.8906555176,
      376360.4164123535,
      408230.7815551758,
      148970.8423614502,
      439242.6013946533,
      223019.12307739258,
      471931.93435668945,
      258631.46781921387,
      507268.19038391113,
      308393.2399749756,
      547075.7484436035,
      346018.55278015137,
      586968.8987731934,
      389227.39028930664,
      633026.5998840332,
      432816.5054321289,
      671141.1476135254,
      479604.95948791504
    ],
    "scheduling_latencies_ms": [],
    "execution_latencies_ms": []
  },
  "node_latencies_ms": {}
}