{
  "timestamp": "2026-01-17T08:27:43.569811",
  "experiment_name": "depth_medium_medium",
  "metrics": {
    "total_tasks": 200,
    "successful_tasks": 200,
    "failed_tasks": 0,
    "total_duration_sec": 13.82987356185913,
    "throughput_tasks_per_sec": 14.461448190789842,
    "avg_latency_ms": 799.114031791687,
    "p50_latency_ms": 788.4981632232666,
    "p95_latency_ms": 1378.1368732452393,
    "p99_latency_ms": 1536.1335277557373,
    "avg_scheduling_latency_ms": 0.0,
    "avg_queue_latency_ms": 0.0,
    "avg_execution_latency_ms": 0.0,
    "node_distribution": {
      "sage-node-8": 13,
      "sage-node-13": 13,
      "sage-node-11": 13,
      "sage-node-7": 13,
      "sage-node-10": 13,
      "sage-node-9": 13,
      "sage-node-15": 13,
      "sage-node-12": 13,
      "sage-node-14": 12,
      "sage-node-16": 12,
      "sage-node-4": 12,
      "sage-node-1": 12,
      "sage-node-2": 12,
      "sage-node-3": 12,
      "sage-node-6": 12,
      "sage-node-5": 12
    },
    "node_balance_score": 0.96,
    "config": {
      "experiment_name": "depth_medium_medium",
      "num_tasks": 200,
      "task_complexity": "medium",
      "parallelism": 16,
      "num_nodes": 4,
      "scheduler_type": "load_aware",
      "scheduler_strategy": "spread",
      "use_remote": true,
      "pipeline_stages": 3,
      "enable_rag": true,
      "enable_llm": true
    }
  },
  "latency_details": {
    "total_latencies_ms": [
      626179.9335479736,
      608364.1052246094,
      601803.7796020508,
      587769.5083618164,
      565414.1902923584,
      554734.468460083,
      356553.316116333,
      334920.64476013184,
      333007.8125,
      381484.2700958252,
      424702.64434814453,
      506166.2197113037,
      881162.166595459,
      229580.16395568848,
      870239.0193939209,
      862441.0629272461,
      854355.3352355957,
      595361.2327575684,
      283852.10037231445,
      948773.8609313965,
      660562.5152587891,
      351547.9564666748,
      1002081.3941955566,
      722072.6013183594,
      442131.75773620605,
      1107045.1736450195,
      823836.8034362793,
      538012.7429962158,
      1217100.1434326172,
      916851.7589569092,
      599574.5658874512,
      1285781.6219329834,
      1010715.9614562988,
      699874.8779296875,
      315915.584564209,
      1378136.8732452393,
      1066657.304763794,
      760953.426361084,
      378523.8265991211,
      1173423.0518341064,
      858947.0386505127,
      484526.3957977295,
      1246081.5906524658,
      521796.70333862305,
      951722.1450805664,
      1309227.705001831,
      612265.5868530273,
      1036003.589630127,
      710218.4295654297,
      1123596.429824829,
      273220.5390930176,
      1166537.5232696533,
      773046.2551116943,
      366566.65802001953,
      1256675.2433776855,
      858328.104019165,
      435202.59857177734,
      916084.7663879395,
      1331531.5246582031,
      514274.12033081055,
      1002709.6271514893,
      564773.5595703125,
      1433088.5410308838,
      1090046.4057922363,
      672045.2308654785,
      1137351.7513275146,
      272837.87727355957,
      725703.4778594971,
      1212427.1392822266,
      374706.2683105469,
      809412.0025634766,
      1297121.286392212,
      430316.686630249,
      870225.191116333,
      1371620.6550598145,
      497387.6476287842,
      977671.8616485596,
      1421651.1249542236,
      995464.0865325928,
      576154.9472808838,
      646955.2516937256,
      1074138.4029388428,
      693366.289138794,
      292115.6883239746,
      1155882.5969696045,
      353987.6937866211,
      781516.0751342773,
      1246010.7803344727,
      437962.29362487793,
      856363.2965087891,
      1319066.047668457,
      499549.62730407715,
      931200.0274658203,
      1383551.836013794,
      589495.8972930908,
      1033745.7656860352,
      648356.9145202637,
      1075419.4259643555,
      267460.1078033447,
      1121463.2987976074,
      716153.8600921631,
      314724.4453430176,
      749063.0149841309,
      1181004.285812378,
      392312.76512145996,
      823472.261428833,
      1230386.9724273682,
      1270738.6016845703,
      874865.5319213867,
      459317.2073364258,
      909460.0677490234,
      504340.88706970215,
      547139.1677856445,
      957421.7796325684,
      197660.6845855713,
      638452.0530700684,
      283836.84158325195,
      1056125.1640319824,
      361165.28511047363,
      1122308.9694976807,
      734434.6046447754,
      1112317.5621032715,
      402575.9696960449,
      784820.556640625,
      1177648.5443115234,
      475708.7230682373,
      861109.2567443848,
      523530.2448272705,
      915955.0666809082,
      951138.7348175049,
      256532.4306488037,
      594391.1075592041,
      294620.2754974365,
      1010102.2720336914,
      656010.8661651611,
      1085999.2504119873,
      381070.1370239258,
      728219.5091247559,
      420890.09284973145,
      1130547.285079956,
      768157.7205657959,
      488694.429397583,
      1196452.6176452637,
      852686.6436004639,
      543796.5393066406,
      220354.55703735352,
      944600.1052856445,
      637498.3787536621,
      981603.1455993652,
      330752.3727416992,
      698822.2599029541,
      1053258.8958740234,
      362872.6005554199,
      755253.0765533447,
      1112336.3971710205,
      440345.76416015625,
      823323.7266540527,
      1173623.5618591309,
      511905.9085845947,
      887106.18019104,
      558735.3706359863,
      913125.0381469727,
      261070.01304626465,
      616042.6139831543,
      1019342.1840667725,
      355443.00079345703,
      699463.1290435791,
      1126595.7355499268,
      450371.02699279785,
      826089.3821716309,
      1216145.9922790527,
      517782.21130371094,
      897180.5572509766,
      1309778.6903381348,
      638872.1466064453,
      1018101.2153625488,
      722370.3861236572,
      1125837.5644683838,
      337402.5821685791,
      1197661.8766784668,
      873035.6693267822,
      429921.38862609863,
      919649.1241455078,
      1313588.1423950195,
      496527.43339538574,
      1404073.4767913818,
      1045266.1514282227,
      599933.1474304199,
      1489220.142364502,
      1119859.4570159912,
      661795.1393127441,
      1218437.671661377,
      788498.1632232666,
      1278971.9104766846,
      856655.8361053467,
      1397726.5357971191,
      953074.6936798096,
      1445907.1159362793,
      1536133.5277557373,
      1572262.2871398926
    ],
    "scheduling_latencies_ms": [],
    "execution_latencies_ms": []
  },
  "node_latencies_ms": {}
}