{
  "timestamp": "2026-01-16T09:36:20.432726",
  "experiment_name": "load_medium_load_aware",
  "metrics": {
    "total_tasks": 200,
    "successful_tasks": 200,
    "failed_tasks": 0,
    "total_duration_sec": 12.131254434585571,
    "throughput_tasks_per_sec": 16.48634121709709,
    "avg_latency_ms": 773.622875213623,
    "p50_latency_ms": 757.0393085479736,
    "p95_latency_ms": 1347.9387760162354,
    "p99_latency_ms": 1607.903003692627,
    "avg_scheduling_latency_ms": 0.0,
    "avg_queue_latency_ms": 0.0,
    "avg_execution_latency_ms": 0.0,
    "node_distribution": {
      "sage-node-8": 13,
      "sage-node-13": 13,
      "sage-node-11": 13,
      "sage-node-7": 13,
      "sage-node-10": 13,
      "sage-node-9": 13,
      "sage-node-15": 13,
      "sage-node-12": 13,
      "sage-node-14": 12,
      "sage-node-16": 12,
      "sage-node-4": 12,
      "sage-node-1": 12,
      "sage-node-2": 12,
      "sage-node-3": 12,
      "sage-node-6": 12,
      "sage-node-5": 12
    },
    "node_balance_score": 0.96,
    "config": {
      "experiment_name": "load_medium_load_aware",
      "num_tasks": 200,
      "task_complexity": "medium",
      "parallelism": 16,
      "num_nodes": 4,
      "scheduler_type": "load_aware",
      "scheduler_strategy": "spread",
      "use_remote": true,
      "pipeline_stages": 3,
      "enable_rag": true,
      "enable_llm": true
    }
  },
  "latency_details": {
    "total_latencies_ms": [
      639213.8004302979,
      626680.6125640869,
      615046.2627410889,
      452667.7131652832,
      637126.2073516846,
      435977.6973724365,
      455088.61541748047,
      469517.2309875488,
      266195.53565979004,
      268575.42991638184,
      735234.260559082,
      290826.55906677246,
      335348.12927246094,
      785574.6746063232,
      583559.0362548828,
      650294.7807312012,
      444272.0413208008,
      907895.8034515381,
      779759.6454620361,
      967559.0991973877,
      536952.4955749512,
      848007.2021484375,
      260519.98138427734,
      617036.8194580078,
      1103039.9799346924,
      313339.4718170166,
      950997.8294372559,
      1153031.587600708,
      705089.0922546387,
      1010421.2760925293,
      402328.2527923584,
      757039.3085479736,
      1267822.9808807373,
      1318925.142288208,
      467994.45152282715,
      1128932.4760437012,
      842456.579208374,
      1177093.0290222168,
      523821.5923309326,
      1433335.304260254,
      908619.1654205322,
      1275165.08102417,
      591065.6452178955,
      1539166.4505004883,
      1014858.7226867676,
      667298.3169555664,
      294983.3869934082,
      1607903.003692627,
      1423949.0032196045,
      1076200.9620666504,
      1464807.7487945557,
      347419.02351379395,
      744279.8614501953,
      1705692.2912597656,
      1172428.1311035156,
      790729.7611236572,
      1567849.87449646,
      434449.9111175537,
      1217065.0959014893,
      873445.5108642578,
      508807.6591491699,
      1304678.6785125732,
      935962.2001647949,
      579459.4287872314,
      1000354.2900085449,
      650141.716003418,
      260473.72817993164,
      670581.3407897949,
      1094030.1418304443,
      318264.2459869385,
      1151752.4719238281,
      834220.8862304688,
      407651.9012451172,
      840328.6933898926,
      1227450.3707885742,
      476533.4129333496,
      924677.3719787598,
      1323557.6152801514,
      551598.7873077393,
      1032800.1976013184,
      624335.527420044,
      1098014.1162872314,
      686691.7610168457,
      315235.1379394531,
      1158059.5970153809,
      773655.6529998779,
      419225.21591186523,
      1251507.9975128174,
      450722.69439697266,
      855357.1701049805,
      881697.1778869629,
      1310526.3710021973,
      505300.76026916504,
      1347938.7760162354,
      547265.2912139893,
      961544.9905395508,
      993988.037109375,
      598235.8455657959,
      252031.3262939453,
      1043644.905090332,
      667158.6036682129,
      302282.81021118164,
      1078524.3511199951,
      699057.5790405273,
      352420.0916290283,
      1133640.7661437988,
      763301.6109466553,
      422916.4123535156,
      1211022.138595581,
      820988.1782531738,
      478109.12132263184,
      865016.9372558594,
      526907.205581665,
      212929.48722839355,
      930127.8591156006,
      573735.4755401611,
      976884.126663208,
      258655.54809570312,
      613353.2524108887,
      1013630.6285858154,
      380222.5589752197,
      710942.5067901611,
      1060153.0075073242,
      410073.75717163086,
      760657.787322998,
      1110403.299331665,
      465330.3623199463,
      793824.1958618164,
      506894.3500518799,
      868597.2690582275,
      235774.04022216797,
      559013.843536377,
      922319.8890686035,
      282715.7974243164,
      628087.7590179443,
      967931.9858551025,
      335335.49308776855,
      663347.0058441162,
      1007597.2080230713,
      408150.19607543945,
      757154.2263031006,
      1102657.5565338135,
      466729.87937927246,
      788693.6664581299,
      506738.18588256836,
      873177.7667999268,
      563930.9883117676,
      268936.6340637207,
      926492.6910400391,
      636642.6944732666,
      972424.5071411133,
      335167.40798950195,
      670141.6969299316,
      1004936.4566802979,
      408296.8235015869,
      754171.60987854,
      1132606.5063476562,
      455447.6737976074,
      795022.72605896,
      513971.56715393066,
      866291.9998168945,
      575769.9012756348,
      224907.63664245605,
      921959.1617584229,
      633117.67578125,
      301451.2062072754,
      968562.8414154053,
      679567.0986175537,
      342297.3155975342,
      1071725.3684997559,
      778173.6850738525,
      447148.79989624023,
      1122515.4399871826,
      843498.945236206,
      522595.4055786133,
      939921.3790893555,
      601969.7189331055,
      263194.08416748047,
      1025732.7556610107,
      683104.7534942627,
      350414.7529602051,
      1109102.9644012451,
      756286.8595123291,
      402148.4851837158,
      1184196.2337493896,
      855890.5124664307,
      501241.44554138184,
      1263671.3981628418,
      927234.8880767822,
      587352.991104126,
      1373714.2086029053,
      1030362.1292114258,
      662862.5392913818,
      1135318.9945220947,
      724110.8417510986,
      1231555.461883545,
      833897.8290557861,
      1301351.78565979,
      1344985.7234954834,
      1373715.6391143799
    ],
    "scheduling_latencies_ms": [],
    "execution_latencies_ms": []
  },
  "node_latencies_ms": {}
}