{
  "timestamp": "2026-01-16T09:36:04.803666",
  "experiment_name": "load_low_load_aware",
  "metrics": {
    "total_tasks": 100,
    "successful_tasks": 100,
    "failed_tasks": 0,
    "total_duration_sec": 6.603600740432739,
    "throughput_tasks_per_sec": 15.143253496189855,
    "avg_latency_ms": 188.82359504699707,
    "p50_latency_ms": 152.07409858703613,
    "p95_latency_ms": 415.36498069763184,
    "p99_latency_ms": 447.30663299560547,
    "avg_scheduling_latency_ms": 0.0,
    "avg_queue_latency_ms": 0.0,
    "avg_execution_latency_ms": 0.0,
    "node_distribution": {
      "sage-node-14": 25,
      "sage-node-16": 25,
      "sage-node-4": 25,
      "sage-node-1": 25
    },
    "node_balance_score": 1.0,
    "config": {
      "experiment_name": "load_low_load_aware",
      "num_tasks": 100,
      "task_complexity": "medium",
      "parallelism": 4,
      "num_nodes": 2,
      "scheduler_type": "load_aware",
      "scheduler_strategy": "spread",
      "use_remote": true,
      "pipeline_stages": 3,
      "enable_rag": true,
      "enable_llm": true
    }
  },
  "latency_details": {
    "total_latencies_ms": [
      436854.36248779297,
      419349.90882873535,
      383207.3211669922,
      374844.5510864258,
      344966.17317199707,
      441486.120223999,
      335064.8880004883,
      306774.377822876,
      298378.22914123535,
      398508.54873657227,
      447306.63299560547,
      265874.38583374023,
      307399.9881744385,
      221353.29246520996,
      415364.98069763184,
      273616.07551574707,
      387830.2574157715,
      109159.70802307129,
      325559.139251709,
      233287.81127929688,
      288691.52069091797,
      198107.48100280762,
      120982.88536071777,
      409904.95681762695,
      247577.66723632812,
      86828.94706726074,
      216719.8657989502,
      312251.32942199707,
      135578.87077331543,
      108068.46618652344,
      224463.22441101074,
      207066.77436828613,
      117443.08471679688,
      164216.0415649414,
      99239.34936523438,
      317823.8868713379,
      147980.2131652832,
      120016.33644104004,
      130976.20010375977,
      113535.64262390137,
      135660.64834594727,
      135701.17950439453,
      101287.3649597168,
      157781.83937072754,
      124944.68688964844,
      163729.66766357422,
      101382.49397277832,
      143330.09719848633,
      148951.29203796387,
      124788.28430175781,
      145492.3152923584,
      120632.64846801758,
      156608.58154296875,
      144639.7304534912,
      104285.47859191895,
      156938.7912750244,
      129703.76014709473,
      172817.94548034668,
      103899.95574951172,
      124653.10096740723,
      113560.91499328613,
      171919.584274292,
      134238.95835876465,
      112477.30255126953,
      149493.93272399902,
      124376.29699707031,
      141925.33493041992,
      114094.49577331543,
      153400.18272399902,
      142710.92414855957,
      114523.64921569824,
      159261.46507263184,
      168136.3582611084,
      138822.3171234131,
      97463.13095092773,
      154080.86776733398,
      125046.2532043457,
      165437.6983642578,
      139989.85290527344,
      116254.80651855469,
      150197.74436950684,
      143489.12239074707,
      117188.69209289551,
      157854.55703735352,
      173298.83575439453,
      145950.5558013916,
      107713.46092224121,
      160522.6993560791,
      120467.9012298584,
      177595.1385498047,
      109784.12628173828,
      152074.09858703613,
      139399.76692199707,
      171779.63256835938,
      114899.87373352051,
      160541.53442382812,
      135472.05924987793,
      184365.74935913086,
      153466.46308898926,
      178193.8076019287
    ],
    "scheduling_latencies_ms": [],
    "execution_latencies_ms": []
  },
  "node_latencies_ms": {}
}