{
  "concurrency_levels": [
    1,
    2,
    4,
    8,
    16,
    32,
    64
  ],
  "throughput": [
    12.085378331377765,
    11.982201153786683,
    11.907453351959344,
    40.31154711464449,
    19.14617191193097,
    8.903158533158068,
    0.0
  ],
  "avg_latency_ms": [
    50.52404303808212,
    0.54954522356987,
    0.49191467685699464,
    249.88669719696045,
    701.293906211853,
    2688.8610129833223,
    0.0
  ],
  "p99_latency_ms": [
    92.9269688129425,
    1.2274174690246582,
    1.0645391941070557,
    414.51001167297363,
    1244.7803020477295,
    7275.720596313477,
    0.0
  ]
}