{
  "timestamp": "2025-12-30T12:01:17.982128",
  "experiment_name": "single_node",
  "metrics": {
    "total_tasks": 50,
    "successful_tasks": 45,
    "failed_tasks": 0,
    "total_duration_sec": 47.09818196296692,
    "throughput_tasks_per_sec": 0.9554508926774136,
    "avg_latency_ms": 13098242.224587334,
    "p50_latency_ms": 13278534.650802612,
    "p95_latency_ms": 20760963.916778564,
    "p99_latency_ms": 21262317.419052124,
    "avg_scheduling_latency_ms": 13098242.224587334,
    "avg_queue_latency_ms": 0.0,
    "avg_execution_latency_ms": 0.0,
    "node_distribution": {
      "sage-node-15": 45
    },
    "node_balance_score": 1.0,
    "config": {
      "experiment_name": "single_node",
      "num_tasks": 50,
      "task_complexity": "medium",
      "parallelism": 4,
      "num_nodes": 1,
      "scheduler_type": "load_aware",
      "scheduler_strategy": "spread",
      "use_remote": true,
      "pipeline_stages": 3,
      "enable_rag": true,
      "enable_llm": true
    }
  },
  "latency_details": {
    "total_latencies_ms": [
      3937516.212463379,
      5210238.456726074,
      5984031.200408936,
      6538337.469100952,
      6386460.542678833,
      7226179.122924805,
      6900643.348693848,
      7150940.418243408,
      7369401.216506958,
      7492883.682250977,
      8208946.466445923,
      8874072.551727295,
      8827438.592910767,
      9579673.528671265,
      11148763.179779053,
      11440819.263458252,
      11729176.52130127,
      11998822.212219238,
      12243411.540985107,
      12113270.044326782,
      12518340.110778809,
      12839842.557907104,
      13278534.650802612,
      13506204.843521118,
      14110207.080841064,
      14572250.127792358,
      14634496.450424194,
      15404105.424880981,
      15289096.593856812,
      15785234.928131104,
      15942756.652832031,
      16105676.889419556,
      16846227.884292603,
      17118697.88169861,
      16808842.658996582,
      17308464.05029297,
      17427794.93331909,
      17987244.367599487,
      18574569.22531128,
      19877597.80883789,
      20075101.852416992,
      20043425.32157898,
      20760963.916778564,
      20981880.90324402,
      21262317.419052124
    ],
    "scheduling_latencies_ms": [
      3937516.212463379,
      5210238.456726074,
      5984031.200408936,
      6538337.469100952,
      6386460.542678833,
      7226179.122924805,
      6900643.348693848,
      7150940.418243408,
      7369401.216506958,
      7492883.682250977,
      8208946.466445923,
      8874072.551727295,
      8827438.592910767,
      9579673.528671265,
      11148763.179779053,
      11440819.263458252,
      11729176.52130127,
      11998822.212219238,
      12243411.540985107,
      12113270.044326782,
      12518340.110778809,
      12839842.557907104,
      13278534.650802612,
      13506204.843521118,
      14110207.080841064,
      14572250.127792358,
      14634496.450424194,
      15404105.424880981,
      15289096.593856812,
      15785234.928131104,
      15942756.652832031,
      16105676.889419556,
      16846227.884292603,
      17118697.88169861,
      16808842.658996582,
      17308464.05029297,
      17427794.93331909,
      17987244.367599487,
      18574569.22531128,
      19877597.80883789,
      20075101.852416992,
      20043425.32157898,
      20760963.916778564,
      20981880.90324402,
      21262317.419052124
    ],
    "execution_latencies_ms": []
  },
  "node_latencies_ms": {}
}
