{
  "timestamp": "2026-01-16T08:22:55.660868",
  "experiment_name": "single_node",
  "metrics": {
    "total_tasks": 500,
    "successful_tasks": 500,
    "failed_tasks": 0,
    "total_duration_sec": 18.08791756629944,
    "throughput_tasks_per_sec": 27.64276198005107,
    "avg_latency_ms": 145.75981330871582,
    "p50_latency_ms": 139.42551612854004,
    "p95_latency_ms": 180.80854415893555,
    "p99_latency_ms": 192.55948066711426,
    "avg_scheduling_latency_ms": 0.0,
    "avg_queue_latency_ms": 0.0,
    "avg_execution_latency_ms": 0.0,
    "node_distribution": {
      "sage-node-14": 125,
      "sage-node-16": 125,
      "sage-node-4": 125,
      "sage-node-1": 125
    },
    "node_balance_score": 1.0,
    "config": {
      "experiment_name": "single_node",
      "num_tasks": 500,
      "task_complexity": "medium",
      "parallelism": 4,
      "num_nodes": 1,
      "scheduler_type": "load_aware",
      "scheduler_strategy": "spread",
      "use_remote": true,
      "pipeline_stages": 3,
      "enable_rag": true,
      "enable_llm": true
    }
  },
  "latency_details": {
    "total_latencies_ms": [
      2650266.408920288,
      124442.81578063965,
      106118.67904663086,
      151250.83923339844,
      123866.31965637207,
      158367.87223815918,
      143690.5860900879,
      121677.16026306152,
      136975.28839111328,
      172342.06199645996,
      112821.57897949219,
      161052.94227600098,
      138207.19718933105,
      101451.87377929688,
      180808.54415893555,
      164533.3766937256,
      126728.53469848633,
      169943.09425354004,
      103797.19734191895,
      137584.92469787598,
      158952.2361755371,
      128319.26345825195,
      139956.47430419922,
      118549.10850524902,
      135942.93594360352,
      129627.70462036133,
      120903.49197387695,
      158044.81506347656,
      129009.96208190918,
      166404.48570251465,
      145257.94982910156,
      118223.66714477539,
      143340.1107788086,
      105634.45091247559,
      186453.10401916504,
      130368.23272705078,
      191776.03721618652,
      109011.65008544922,
      205711.36474609375,
      163025.3791809082,
      131844.75898742676,
      177801.84745788574,
      108500.71907043457,
      148309.46922302246,
      128436.56539916992,
      166874.88555908203,
      148396.25358581543,
      132539.7491455078,
      147943.97354125977,
      100443.36318969727,
      181801.08070373535,
      115898.13232421875,
      179015.1596069336,
      188856.1248779297,
      148561.95449829102,
      113727.80799865723,
      151696.44355773926,
      122197.15118408203,
      146824.83673095703,
      116296.52976989746,
      156783.3423614502,
      126647.7108001709,
      147572.27897644043,
      119984.62677001953,
      157398.70071411133,
      139922.3804473877,
      104584.93232727051,
      144372.46322631836,
      129528.99932861328,
      162378.31115722656,
      105972.0516204834,
      145876.64604187012,
      152088.88053894043,
      128009.08088684082,
      106644.6304321289,
      144801.37825012207,
      147392.51136779785,
      124471.66442871094,
      109734.77363586426,
      143842.22030639648,
      123500.10871887207,
      169095.03936767578,
      129463.19580078125,
      109788.41781616211,
      154283.0467224121,
      125525.95138549805,
      133644.34242248535,
      114266.63398742676,
      158118.48640441895,
      143428.56407165527,
      111593.72329711914,
      150341.03393554688,
      126759.29069519043,
      174550.77171325684,
      112673.28262329102,
      150694.8471069336,
      127635.95581054688,
      174228.42979431152,
      120397.32933044434,
      155703.54461669922,
      131433.24851989746,
      165007.3528289795,
      125818.01414489746,
      157248.02017211914,
      134055.37605285645,
      171658.99276733398,
      110242.60520935059,
      159529.2091369629,
      137018.91899108887,
      174747.94387817383,
      110993.86215209961,
      144881.4868927002,
      132160.66360473633,
      167241.33491516113,
      107395.41053771973,
      157214.87998962402,
      128472.32818603516,
      167874.81307983398,
      142870.90301513672,
      117594.24209594727,
      157424.6883392334,
      139196.63429260254,
      152078.39012145996,
      121882.91549682617,
      140192.27027893066,
      173226.11808776855,
      152549.26681518555,
      121463.29879760742,
      134994.5068359375,
      173912.76359558105,
      104926.34773254395,
      149330.37757873535,
      161990.64254760742,
      130884.88578796387,
      137167.93060302734,
      107717.99087524414,
      132617.95043945312,
      167398.45275878906,
      112045.2880859375,
      132351.39846801758,
      168159.96170043945,
      185554.50439453125,
      121199.36943054199,
      152978.89709472656,
      169970.51239013672,
      127312.89863586426,
      125214.81513977051,
      182745.45669555664,
      113713.50288391113,
      184622.76458740234,
      112168.3120727539,
      180955.8868408203,
      110616.20712280273,
      173793.07746887207,
      159840.10696411133,
      116981.50634765625,
      176584.24377441406,
      131812.09564208984,
      119076.72882080078,
      178661.58485412598,
      132395.98274230957,
      105414.15214538574,
      190569.40078735352,
      162962.9135131836,
      119532.82356262207,
      178158.28323364258,
      107698.91738891602,
      150022.02987670898,
      121919.87037658691,
      167057.75260925293,
      135091.54319763184,
      120684.62371826172,
      150448.79913330078,
      138913.8698577881,
      112650.63285827637,
      159427.40440368652,
      138274.1928100586,
      172804.8324584961,
      111610.88943481445,
      158214.09225463867,
      124377.96592712402,
      171524.2862701416,
      142662.76359558105,
      111722.94616699219,
      158111.572265625,
      137673.13957214355,
      100479.8412322998,
      161510.70594787598,
      124819.75555419922,
      173393.01109313965,
      134066.34330749512,
      101143.12171936035,
      121925.11558532715,
      158751.2493133545,
      132046.93794250488,
      101141.21437072754,
      139425.51612854004,
      123187.30354309082,
      102773.66638183594,
      148603.2009124756,
      156318.66455078125,
      126209.25903320312,
      134259.70077514648,
      102629.8999786377,
      159318.208694458,
      127018.21327209473,
      135569.57244873047,
      105631.11305236816,
      112969.16007995605,
      160814.0468597412,
      137414.45541381836,
      108346.93908691406,
      149561.16676330566,
      128922.93930053711,
      139730.69190979004,
      108159.30366516113,
      128388.64326477051,
      166662.93144226074,
      138975.1434326172,
      110148.66828918457,
      113438.36784362793,
      173485.27908325195,
      157659.76905822754,
      111760.61630249023,
      116101.98020935059,
      164547.44338989258,
      127389.66941833496,
      101247.07221984863,
      134088.27781677246,
      130612.85018920898,
      144496.67930603027,
      117655.27725219727,
      131215.81077575684,
      165845.15571594238,
      105363.13056945801,
      144617.55752563477,
      130785.22682189941,
      179475.0690460205,
      111946.82121276855,
      153967.61894226074,
      167279.24346923828,
      151499.50981140137,
      156063.55667114258,
      123670.33958435059,
      171165.22789001465,
      132407.18841552734,
      151305.6755065918,
      118784.18922424316,
      131791.5916442871,
      179387.33100891113,
      144693.37463378906,
      114569.90242004395,
      129669.4278717041,
      162891.38793945312,
      98947.04818725586,
      143655.53855895996,
      114325.04653930664,
      161363.6016845703,
      146176.57661437988,
      117021.32225036621,
      149486.06491088867,
      137509.58442687988,
      121669.05403137207,
      165074.82528686523,
      158785.58158874512,
      143697.02339172363,
