{
  "timestamp": "2026-01-16T09:34:08.727477",
  "experiment_name": "scheduler_priority_medium",
  "metrics": {
    "total_tasks": 200,
    "successful_tasks": 200,
    "failed_tasks": 0,
    "total_duration_sec": 20.03000807762146,
    "throughput_tasks_per_sec": 9.985018439580667,
    "avg_latency_ms": 10592.483644485474,
    "p50_latency_ms": 10503.061771392822,
    "p95_latency_ms": 14068.45474243164,
    "p99_latency_ms": 14724.158763885498,
    "avg_scheduling_latency_ms": 0.0,
    "avg_queue_latency_ms": 0.0,
    "avg_execution_latency_ms": 0.0,
    "node_distribution": {
      "sage-node-5": 200
    },
    "node_balance_score": 1.0,
    "config": {
      "experiment_name": "scheduler_priority_medium",
      "num_tasks": 200,
      "task_complexity": "medium",
      "parallelism": 16,
      "num_nodes": 4,
      "scheduler_type": "priority",
      "scheduler_strategy": "spread",
      "use_remote": true,
      "pipeline_stages": 3,
      "enable_rag": true,
      "enable_llm": true
    }
  },
  "latency_details": {
    "total_latencies_ms": [
      9683551.07307434,
      10423729.89654541,
      10835334.300994873,
      11096632.242202759,
      10477290.868759155,
      10155136.108398438,
      9847742.557525635,
      9239865.54145813,
      10193850.040435791,
      8703059.434890747,
      9438942.432403564,
      11028404.474258423,
      9986540.794372559,
      8522249.460220337,
      9056251.764297485,
      10141394.61517334,
      10984578.132629395,
      8743855.953216553,
      11430288.553237915,
      8332740.068435669,
      10672857.522964478,
      8207595.348358154,
      11183162.927627563,
      9865395.545959473,
      8614102.125167847,
      8345945.835113525,
      7881012.916564941,
      10949047.088623047,
      7916039.943695068,
      10033513.069152832,
      7656494.140625,
      9460711.002349854,
      7445849.418640137,
      7707612.2760772705,
      9442501.068115234,
      7472403.049468994,
      9157274.961471558,
      7148304.462432861,
      7132467.269897461,
      8851814.985275269,
      9116439.580917358,
      8586369.752883911,
      11898249.387741089,
      8836697.101593018,
      10834893.465042114,
      11916159.629821777,
      11337830.543518066,
      8577905.416488647,
      10817160.12954712,
      11615474.700927734,
      11309149.980545044,
      8234614.849090576,
      10322793.245315552,
      11612941.026687622,
      8058647.155761719,
      10266571.283340454,
      8311301.708221436,
      9824342.012405396,
      9843930.48286438,
      7792138.576507568,
      8099331.855773926,
      9372960.805892944,
      7317976.951599121,
      7947601.795196533,
      9413340.330123901,
      9178202.390670776,
      7426259.0408325195,
      8922147.512435913,
      8171667.098999023,
      8462147.71270752,
      7926022.529602051,
      9260018.110275269,
      7438381.671905518,
      8999114.990234375,
      8350354.433059692,
      8589040.994644165,
      8127574.682235718,
      7625751.972198486,
      12674419.87991333,
      11566263.198852539,
      12064111.232757568,
      11163956.16531372,
      12523140.19203186,
      12874801.397323608,
      11737683.296203613,
      10723578.214645386,
      12259563.92288208,
      10217403.888702393,
      9914959.192276001,
      9624556.303024292,
      8990263.46206665,
      9228792.190551758,
      8736783.266067505,
      11291131.496429443,
      8084226.369857788,
      12685278.415679932,
      10875514.98413086,
      13040195.226669312,
      10387718.439102173,
      11906731.128692627,
      12466941.118240356,
      10165401.458740234,
      9808751.821517944,
      9228308.916091919,
      11394873.61907959,
      9423520.32661438,
      12822838.306427002,
      8870807.886123657,
      10992283.821105957,
      13133397.579193115,
      8354631.423950195,
      10503061.771392822,
      11936599.731445312,
      10280110.120773315,
      12552109.479904175,
      11389857.769012451,
      9999705.31463623,
      12815315.48500061,
      9287878.036499023,
      13244761.943817139,
      13221294.87991333,
      9523311.853408813,
      12038111.209869385,
      10968918.323516846,
      11904462.814331055,
      8948768.854141235,
      11469807.863235474,
      10510596.513748169,
      11369423.627853394,
      12647731.54258728,
      10271702.766418457,
      12585880.517959595,
      12910184.144973755,
      12853100.061416626,
      9886279.106140137,
      11071462.154388428,
      9342753.887176514,
      10945063.352584839,
      10582920.07446289,
      9573481.321334839,
      10539589.166641235,
      10285461.902618408,
      8926146.030426025,
      10357423.543930054,
      9976215.124130249,
      9870589.971542358,
      9409801.483154297,
      9395512.580871582,
      9601003.646850586,
      9038403.987884521,
      9632374.286651611,
      9083455.324172974,
      12933745.861053467,
      14068454.74243164,
      12366720.914840698,
      13533057.689666748,
      13808861.017227173,
      11973507.88116455,
      11473750.352859497,
      11222870.111465454,
      10879494.190216064,
      10226704.120635986,
      10596483.23059082,
      9818453.788757324,
      13463242.769241333,
      14704079.627990723,
      12925347.805023193,
      13405642.986297607,
      14374385.833740234,
      14141346.69303894,
      14724158.763885498,
      12497302.770614624,
      12053641.79611206,
      14386675.834655762,
      11809406.042098999,
      11398877.382278442,
      12941117.286682129,
      10852572.441101074,
      11137603.044509888,
      14137139.558792114,
      10408059.59701538,
      12489847.183227539,
      12093840.36064148,
      11850647.449493408,
      11399836.540222168,
      10927151.203155518,
      11172925.94909668,
      10459596.633911133,
      13654497.861862183,
      14965625.286102295,
      14629087.209701538,
      13138342.142105103,
      14333559.513092041,
      12717274.66583252,
      12327447.891235352,
      12078024.14894104,
      11619167.566299438,
      11148780.584335327,
      11387294.76928711,
      10650569.915771484
    ],
    "scheduling_latencies_ms": [],
    "execution_latencies_ms": []
  },
  "node_latencies_ms": {}
}