{
  "timestamp": "2026-01-16T09:33:09.696766",
  "experiment_name": "scheduler_load_aware_spread_medium",
  "metrics": {
    "total_tasks": 200,
    "successful_tasks": 200,
    "failed_tasks": 0,
    "total_duration_sec": 12.125112295150757,
    "throughput_tasks_per_sec": 16.494692595959442,
    "avg_latency_ms": 645.772739648819,
    "p50_latency_ms": 646.6803550720215,
    "p95_latency_ms": 1070.8575248718262,
    "p99_latency_ms": 1138.1354331970215,
    "avg_scheduling_latency_ms": 0.0,
    "avg_queue_latency_ms": 0.0,
    "avg_execution_latency_ms": 0.0,
    "node_distribution": {
      "sage-node-8": 13,
      "sage-node-13": 13,
      "sage-node-11": 13,
      "sage-node-7": 13,
      "sage-node-10": 13,
      "sage-node-9": 13,
      "sage-node-15": 13,
      "sage-node-12": 13,
      "sage-node-14": 12,
      "sage-node-16": 12,
      "sage-node-4": 12,
      "sage-node-1": 12,
      "sage-node-2": 12,
      "sage-node-3": 12,
      "sage-node-6": 12,
      "sage-node-5": 12
    },
    "node_balance_score": 0.96,
    "config": {
      "experiment_name": "scheduler_load_aware_spread_medium",
      "num_tasks": 200,
      "task_complexity": "medium",
      "parallelism": 16,
      "num_nodes": 4,
      "scheduler_type": "load_aware",
      "scheduler_strategy": "spread",
      "use_remote": true,
      "pipeline_stages": 3,
      "enable_rag": true,
      "enable_llm": true
    }
  },
  "latency_details": {
    "total_latencies_ms": [
      334955.45387268066,
      318331.9568634033,
      161211.49063110352,
      429227.5905609131,
      424774.6467590332,
      417964.22004699707,
      223657.60803222656,
      440101.86195373535,
      281817.4362182617,
      515914.9169921875,
      337445.9743499756,
      602062.2253417969,
      419791.46003723145,
      657178.6403656006,
      477697.84927368164,
      743525.2666473389,
      221887.58850097656,
      547882.5569152832,
      288979.05349731445,
      819735.7654571533,
      622571.4683532715,
      893610.7158660889,
      671270.3704833984,
      371889.1143798828,
      383023.2620239258,
      957320.2133178711,
      741162.5385284424,
      427251.57737731934,
      1007903.3374786377,
      798946.6190338135,
      1085237.0262145996,
      501397.60971069336,
      862007.6179504395,
      204831.36177062988,
      1138135.4331970215,
      569484.7106933594,
      932860.8512878418,
      282534.122467041,
      610481.0237884521,
      973940.372467041,
      351518.8694000244,
      675507.7838897705,
      1033382.8926086426,
      379491.09077453613,
      714627.0275115967,
      1104397.7737426758,
      432654.38079833984,
      799825.4299163818,
      536764.38331604,
      823622.465133667,
      234141.82662963867,
      566460.6094360352,
      926556.5872192383,
      603006.8397521973,
      309354.5436859131,
      966994.047164917,
      345487.117767334,
      668094.1581726074,
      1022145.5097198486,
      400202.51274108887,
      737713.098526001,
      1063415.0505065918,
      457559.34715270996,
      793368.5779571533,
      523314.4760131836,
      849286.5562438965,
      222903.96690368652,
      895109.8918914795,
      596014.4996643066,
      272360.56327819824,
      629725.2178192139,
      967379.5700073242,
      341305.0174713135,
      693901.0620117188,
      1024499.4163513184,
      394440.4125213623,
      1064032.793045044,
      766594.648361206,
      419693.2315826416,
      824720.6211090088,
      495649.8146057129,
      879939.5561218262,
      215191.36428833008,
      561275.2437591553,
      919134.3784332275,
      263058.4239959717,
      620142.4598693848,
      987216.4726257324,
      337563.99154663086,
      655611.7534637451,
      380337.9535675049,
      1063668.2510375977,
      735459.8045349121,
      1082947.7310180664,
      780659.9140167236,
      471161.6039276123,
      503995.418548584,
      834811.9258880615,
      237115.38314819336,
      879860.4011535645,
      579990.1485443115,
      292112.3504638672,
      952975.2731323242,
      648907.6614379883,
      333992.00439453125,
      993574.1424560547,
      685460.090637207,
      382902.1453857422,
      1053878.0689239502,
      734518.7664031982,
      449130.0582885742,
      810136.3182067871,
      510208.1298828125,
      858128.7860870361,
      226968.05000305176,
      554242.1340942383,
      907446.1460113525,
      610460.2813720703,
      288338.42277526855,
      972010.612487793,
      315678.35807800293,
      646680.3550720215,
      1015348.9112854004,
      392918.82514953613,
      723294.0196990967,
      1075292.8256988525,
      428218.3647155762,
      762931.5853118896,
      486753.2253265381,
      841259.4795227051,
      228255.7487487793,
      560210.2279663086,
      897306.2038421631,
      602708.3396911621,
      288505.07736206055,
      934136.3906860352,
      676651.0009765625,
      368072.7481842041,
      1026924.6101379395,
      719832.181930542,
      420138.5974884033,
      1070857.5248718262,
      795656.4426422119,
      463385.34355163574,
      844792.366027832,
      192042.35076904297,
      581842.1840667725,
      888347.1488952637,
      587845.5638885498,
      273067.2359466553,
      955816.9841766357,
      658257.7228546143,
      336189.98527526855,
      691580.057144165,
      1033104.419708252,
      362457.9906463623,
      1059313.0588531494,
      760832.5481414795,
      415630.8174133301,
      467899.7993469238,
      836189.2700195312,
      215541.12434387207,
      535788.0592346191,
      889878.2730102539,
      590512.2756958008,
      946152.925491333,
      304231.4052581787,
      347590.9233093262,
      662803.8883209229,
      1014046.9074249268,
      1053840.6372070312,
      398473.26278686523,
      728255.033493042,
      1113454.3418884277,
      452878.9520263672,
      775445.4612731934,
      831536.054611206,
      532743.2155609131,
      230564.83268737793,
      879727.3635864258,
      576606.273651123,
      285132.40814208984,
      616762.638092041,
      947941.780090332,
      363384.485244751,
      687614.2024993896,
      1014297.9621887207,
      421456.57539367676,
      748987.9131317139,
      1088711.9770050049,
      472795.9632873535,
      818232.7747344971,
      539714.8132324219,
      888221.263885498,
      959900.6175994873,
      653525.5908966064,
      705833.4350585938,
      1040721.1780548096,
      1097621.4408874512,
      1155635.5953216553
    ],
    "scheduling_latencies_ms": [],
    "execution_latencies_ms": []
  },
  "node_latencies_ms": {}
}