{
  "timestamp": "2026-01-16T09:32:54.068769",
  "experiment_name": "scheduler_fifo_medium",
  "metrics": {
    "total_tasks": 200,
    "successful_tasks": 200,
    "failed_tasks": 0,
    "total_duration_sec": 12.95011830329895,
    "throughput_tasks_per_sec": 15.443874358201919,
    "avg_latency_ms": 766.2006890773773,
    "p50_latency_ms": 733.4640026092529,
    "p95_latency_ms": 1357.304334640503,
    "p99_latency_ms": 1515.8743858337402,
    "avg_scheduling_latency_ms": 0.0,
    "avg_queue_latency_ms": 0.0,
    "avg_execution_latency_ms": 0.0,
    "node_distribution": {
      "sage-node-16": 37,
      "sage-node-13": 26,
      "sage-node-14": 13,
      "sage-node-9": 13,
      "sage-node-10": 13,
      "sage-node-4": 13,
      "sage-node-15": 37,
      "sage-node-3": 24,
      "sage-node-7": 12,
      "sage-node-6": 12
    },
    "node_balance_score": 0.5116353821170088,
    "config": {
      "experiment_name": "scheduler_fifo_medium",
      "num_tasks": 200,
      "task_complexity": "medium",
      "parallelism": 16,
      "num_nodes": 4,
      "scheduler_type": "fifo",
      "scheduler_strategy": "spread",
      "use_remote": true,
      "pipeline_stages": 3,
      "enable_rag": true,
      "enable_llm": true
    }
  },
  "latency_details": {
    "total_latencies_ms": [
      628845.21484375,
      614237.5469207764,
      608899.8317718506,
      594926.3572692871,
      574232.5782775879,
      590157.2704315186,
      411696.6724395752,
      572900.7720947266,
      436267.3759460449,
      421211.00425720215,
      407402.03857421875,
      389551.40113830566,
      406603.0979156494,
      252136.9457244873,
      396625.5187988281,
      253532.64808654785,
      251579.28466796875,
      624296.9036102295,
      475933.0749511719,
      303716.89796447754,
      725567.3408508301,
      363446.9509124756,
      581722.4979400635,
      786799.1924285889,
      433050.39405822754,
      640645.9808349609,
      867155.3134918213,
      242080.2116394043,
      495595.45516967773,
      721739.2921447754,
      278619.76623535156,
      953352.4513244629,
      562263.011932373,
      320803.8806915283,
      809583.1871032715,
      1003283.9775085449,
      632041.6927337646,
      862071.5141296387,
      384536.5047454834,
      1070591.4497375488,
      705277.4429321289,
      1147077.3220062256,
      935520.4105377197,
      427296.63848876953,
      750627.2792816162,
      1007568.5977935791,
      1183520.3170776367,
      482115.2687072754,
      825279.2358398438,
      1048937.5591278076,
      224821.5675354004,
      529573.2021331787,
      869587.1829986572,
      265797.61505126953,
      583381.175994873,
      916804.7904968262,
      337204.6947479248,
      644931.5547943115,
      975784.7785949707,
      375601.53007507324,
      681591.9876098633,
      1042584.6576690674,
      429969.78759765625,
      762314.0811920166,
      515211.1053466797,
      892670.8698272705,
      266660.6903076172,
      590987.6823425293,
      928217.6494598389,
      340660.33363342285,
      665421.724319458,
      1000306.3678741455,
      398585.08110046387,
      757280.3497314453,
      1079180.7174682617,
      439364.1948699951,
      808896.7800140381,
      1172345.3998565674,
      542407.5126647949,
      906557.0831298828,
      612767.4579620361,
      997319.221496582,
      681346.1780548096,
      305023.4317779541,
      1071686.9831085205,
      736812.5915527344,
      373272.180557251,
      1142052.6504516602,
      789724.588394165,
      435273.1704711914,
      1229877.233505249,
      877354.8603057861,
      515807.8670501709,
      1321238.7561798096,
      963289.2608642578,
      583994.3885803223,
      654258.9664459229,
      1046757.2212219238,
      259969.47288513184,
      1110974.3118286133,
      722905.6358337402,
      325104.2366027832,
      777979.3739318848,
      1176208.734512329,
      417519.09255981445,
      1243158.8172912598,
      868361.4730834961,
      494874.7158050537,
      1328685.2836608887,
      952850.8186340332,
      569276.0944366455,
      998983.1447601318,
      634844.7799682617,
      1087155.5805206299,
      301435.7089996338,
      712883.710861206,
      1151114.7022247314,
      364813.80462646484,
      766016.960144043,
      1216585.397720337,
      453927.75535583496,
      857491.2548065186,
      1273567.4381256104,
      497832.5366973877,
      906129.5986175537,
      1359594.1066741943,
      572823.0476379395,
      991931.9152832031,
      640739.2024993896,
      1070475.1014709473,
      254926.20468139648,
      706882.7152252197,
      1138465.404510498,
      321300.9834289551,
      797239.0651702881,
      1214391.7083740234,
      413388.2522583008,
      854662.6567840576,
      1267129.898071289,
      455146.55113220215,
      940883.3980560303,
      529427.2899627686,
      1367446.1841583252,
      1038975.0003814697,
      644523.8590240479,
      1116769.0753936768,
      712935.209274292,
      341910.83908081055,
      1190458.2977294922,
      768047.0943450928,
      399824.6192932129,
      1228392.1241760254,
      829478.5022735596,
      451162.33825683594,
      1318708.1813812256,
      902809.8583221436,
      532282.5908660889,
      1372144.6990966797,
      584966.4211273193,
      996034.8606109619,
      1071663.1412506104,
      669630.2890777588,
      284859.18045043945,
      733464.0026092529,
      1144787.7883911133,
      367539.4058227539,
      1196395.1587677002,
      839991.0926818848,
      448241.4722442627,
      1287156.581878662,
      906269.0734863281,
      534328.2222747803,
      1384704.1130065918,
      977490.4251098633,
      590312.0040893555,
      1042463.5410308838,
      686553.7166595459,
      1123229.0267944336,
      290606.7371368408,
      759042.2630310059,
      1210016.7274475098,
      387418.270111084,
      833947.1817016602,
      1310944.7956085205,
      479713.91677856445,
      919272.6612091064,
      1427029.3712615967,
      587004.8999786377,
      1008180.8567047119,
      1515874.3858337402,
      720432.7583312988,
      1150865.077972412,
      794880.6285858154,
      1248541.5935516357,
      929938.554763794,
      1357304.334640503,
      995371.8185424805,
      1442177.7725219727,
      1487329.9598693848,
      1552755.59425354
    ],
    "scheduling_latencies_ms": [],
    "execution_latencies_ms": []
  },
  "node_latencies_ms": {}
}