{
  "timestamp": "2026-01-16T09:33:45.203602",
  "experiment_name": "scheduler_load_aware_pack_medium",
  "metrics": {
    "total_tasks": 200,
    "successful_tasks": 200,
    "failed_tasks": 0,
    "total_duration_sec": 32.01234984397888,
    "throughput_tasks_per_sec": 6.24758885163869,
    "avg_latency_ms": 20689.459187984467,
    "p50_latency_ms": 20979.137420654297,
    "p95_latency_ms": 24012.017250061035,
    "p99_latency_ms": 25650.44927597046,
    "avg_scheduling_latency_ms": 0.0,
    "avg_queue_latency_ms": 0.0,
    "avg_execution_latency_ms": 0.0,
    "node_distribution": {
      "sage-node-5": 200
    },
    "node_balance_score": 1.0,
    "config": {
      "experiment_name": "scheduler_load_aware_pack_medium",
      "num_tasks": 200,
      "task_complexity": "medium",
      "parallelism": 16,
      "num_nodes": 4,
      "scheduler_type": "load_aware",
      "scheduler_strategy": "pack",
      "use_remote": true,
      "pipeline_stages": 3,
      "enable_rag": true,
      "enable_llm": true
    }
  },
  "latency_details": {
    "total_latencies_ms": [
      19608732.46192932,
      19351456.64215088,
      19148587.703704834,
      18936519.622802734,
      18716626.405715942,
      18500364.542007446,
      18276176.691055298,
      19685859.203338623,
      19681755.304336548,
      19464721.91810608,
      19232371.33026123,
      19444844.722747803,
      19001731.872558594,
      19244278.19252014,
      18797678.232192993,
      18577581.40563965,
      19044220.209121704,
      18350576.162338257,
      18808176.75590515,
      18137035.846710205,
      17914457.79800415,
      18592305.89866638,
      17682650.804519653,
      18366548.06137085,
      18157210.35003662,
      17448854.207992554,
      17930658.102035522,
      17209775.44784546,
      17697823.762893677,
      18165512.800216675,
      16975749.492645264,
      17940712.690353394,
      17463126.182556152,
      17222249.031066895,
      17709197.282791138,
      16989260.67352295,
      17473395.824432373,
      17233569.145202637,
      17002004.623413086,
      20031763.076782227,
      20024678.707122803,
      19809982.776641846,
      20017060.041427612,
      19791889.429092407,
      19581120.72944641,
      19767933.60710144,
      19576497.554779053,
      19367633.10432434,
      19570634.365081787,
      19358843.326568604,
      19145670.652389526,
      19353190.660476685,
      19134969.47288513,
      18919073.820114136,
      18908082.246780396,
      19118643.045425415,
      18696398.01979065,
      18689327.001571655,
      18908234.83467102,
      18677873.611450195,
      18497140.407562256,
      18489881.992340088,
      20105200.29067993,
      18274454.832077026,
      18264487.266540527,
      19889735.93711853,
      18495825.052261353,
      18042253.732681274,
      18031674.86190796,
      18270393.37158203,
      17807119.846343994,
      19663571.11930847,
      17544701.57623291,
      18038392.543792725,
      17568644.523620605,
      19448243.618011475,
      17810415.029525757,
      17547790.76576233,
      17337288.14125061,
      19245511.531829834,
      17328927.993774414,
      17817462.44430542,
      19004764.795303345,
      17336102.48565674,
      18801466.703414917,
      18598120.68939209,
      18375443.696975708,
      18154635.906219482,
      17677958.726882935,
      17951025.247573853,
      17471474.170684814,
      22979425.66871643,
      22749245.8820343,
      22542652.84538269,
      22328049.898147583,
      22106691.360473633,
      21880007.26699829,
      21661963.70124817,
      21458008.527755737,
      21233522.653579712,
      21006941.79534912,
      20514865.398406982,
      20776968.479156494,
      23143095.016479492,
      23135354.2804718,
      20291341.78161621,
      23125230.073928833,
      22909535.16960144,
      22900620.937347412,
      22891051.292419434,
      22695607.42378235,
      22684380.769729614,
      22674006.462097168,
      22475867.748260498,
      22448965.072631836,
      22464338.779449463,
      22255880.83267212,
      22232277.154922485,
      22249958.753585815,
      22030658.721923828,
      22006677.865982056,
      22028853.41644287,
      21812647.581100464,
      21786934.61418152,
      21812473.29711914,
      21620824.575424194,
      21591274.02305603,
      21391510.725021362,
      21620596.885681152,
      21363818.168640137,
      21152656.79359436,
      21128034.353256226,
      21393186.330795288,
      20665871.8585968,
      20642103.672027588,
      21159462.690353394,
      20928108.69216919,
      20899856.328964233,
      20672876.119613647,
      20934680.223464966,
      23418411.73171997,
      23195356.130599976,
      22747691.63131714,
      22997408.866882324,
      22549600.60119629,
      22326390.743255615,
      22112897.872924805,
      21920225.858688354,
      21695166.34941101,
      21462361.812591553,
      20979137.420654297,
      21240529.775619507,
      23778780.460357666,
      23553555.488586426,
      23100726.12762451,
      23343792.2000885,
      22889261.24572754,
      22659083.366394043,
      22436620.473861694,
      22224177.598953247,
      21991395.711898804,
      21752992.630004883,
      23871638.298034668,
      21263977.05078125,
      23644735.81314087,
      21520000.457763672,
      23196279.764175415,
      23442739.248275757,
      22996338.605880737,
      22771906.37588501,
      22555059.19456482,
      22349348.783493042,
      22120946.884155273,
      21885702.84843445,
      21645414.352416992,
      24012017.250061035,
      21412812.47138977,
      23787598.371505737,
      23336770.057678223,
      23583882.808685303,
      23133328.676223755,
      22910404.205322266,
      22693448.543548584,
      22485059.022903442,
      22254728.317260742,
      22020590.06690979,
      21779922.96218872,
      21546427.965164185,
      25863980.293273926,
      25650449.27597046,
      25439021.348953247,
      25224265.098571777,
      25010567.665100098,
      24790993.9289093,
      24580659.15107727,
      24395591.735839844,
      24174636.602401733,
      23950812.101364136,
      23726290.941238403,
      23504998.207092285
    ],
    "scheduling_latencies_ms": [],
    "execution_latencies_ms": []
  },
  "node_latencies_ms": {}
}