{
  "concurrency_levels": [
    1,
    2,
    4,
    8,
    16,
    32,
    64
  ],
  "throughput": [
    12.028328902334781,
    12.070622657907386,
    12.024070683288334,
    42.387378410400544,
    20.189539483546692,
    9.94445005103651,
    0.0
  ],
  "avg_latency_ms": [
    48.44462151899338,
    0.685321321439743,
    0.5377617297649383,
    241.46698780059813,
    659.541597700119,
    2416.9131992816924,
    0.0
  ],
  "p99_latency_ms": [
    89.94281530380249,
    1.7433161735534668,
    1.1377179622650146,
    389.5304203033447,
    1114.0599250793457,
    6409.93332862854,
    0.0
  ]
}