{
  "timestamp": "2025-12-30T12:30:09.007662",
  "experiment_name": "single_node",
  "metrics": {
    "total_tasks": 10,
    "successful_tasks": 10,
    "failed_tasks": 0,
    "total_duration_sec": 29.496777772903442,
    "throughput_tasks_per_sec": 0.3390200813455047,
    "avg_latency_ms": 4757415.127754211,
    "p50_latency_ms": 4810378.313064575,
    "p95_latency_ms": 7152676.820755005,
    "p99_latency_ms": 7152676.820755005,
    "avg_scheduling_latency_ms": 4757415.127754211,
    "avg_queue_latency_ms": 0.0,
    "avg_execution_latency_ms": 0.0,
    "node_distribution": {
      "sage-node-15": 10
    },
    "node_balance_score": 1.0,
    "config": {
      "experiment_name": "single_node",
      "num_tasks": 10,
      "task_complexity": "medium",
      "parallelism": 4,
      "num_nodes": 1,
      "scheduler_type": "load_aware",
      "scheduler_strategy": "spread",
      "use_remote": true,
      "pipeline_stages": 3,
      "enable_rag": true,
      "enable_llm": true
    }
  },
  "latency_details": {
    "total_latencies_ms": [
      2212753.0574798584,
      2879995.346069336,
      4250794.6491241455,
      4189172.9831695557,
      4771460.53314209,
      4810378.313064575,
      5018924.951553345,
      5259343.62411499,
      7028650.999069214,
      7152676.820755005
    ],
    "scheduling_latencies_ms": [
      2212753.0574798584,
      2879995.346069336,
      4250794.6491241455,
      4189172.9831695557,
      4771460.53314209,
      4810378.313064575,
      5018924.951553345,
      5259343.62411499,
      7028650.999069214,
      7152676.820755005
    ],
    "execution_latencies_ms": []
  },
  "node_latencies_ms": {}
}
