{
  "timestamp": "2025-12-30T12:52:22.947613",
  "experiment_name": "single_node",
  "metrics": {
    "total_tasks": 10,
    "successful_tasks": 10,
    "failed_tasks": 0,
    "total_duration_sec": 28.690707683563232,
    "throughput_tasks_per_sec": 0.34854490555940354,
    "avg_latency_ms": 5634.693121910095,
    "p50_latency_ms": 6332.645416259766,
    "p95_latency_ms": 8247.905492782593,
    "p99_latency_ms": 8247.905492782593,
    "avg_scheduling_latency_ms": 5634693.121910095,
    "avg_queue_latency_ms": 0.0,
    "avg_execution_latency_ms": 0.0,
    "node_distribution": {
      "sage-node-15": 10
    },
    "node_balance_score": 1.0,
    "config": {
      "experiment_name": "single_node",
      "num_tasks": 10,
      "task_complexity": "medium",
      "parallelism": 4,
      "num_nodes": 1,
      "scheduler_type": "load_aware",
      "scheduler_strategy": "spread",
      "use_remote": true,
      "pipeline_stages": 3,
      "enable_rag": true,
      "enable_llm": true
    }
  },
  "latency_details": {
    "total_latencies_ms": [
      2960355.758666992,
      3684451.8184661865,
      4395189.28527832,
      4930048.704147339,
      5017322.778701782,
      6332645.416259766,
      6728536.605834961,
      6878485.918045044,
      7171989.440917969,
      8247905.492782593
    ],
    "scheduling_latencies_ms": [
      2960355.758666992,
      3684451.8184661865,
      4395189.28527832,
      4930048.704147339,
      5017322.778701782,
      6332645.416259766,
      6728536.605834961,
      6878485.918045044,
      7171989.440917969,
      8247905.492782593
    ],
    "execution_latencies_ms": []
  },
  "node_latencies_ms": {}
}
