{
  "timestamp": "2026-01-16T09:35:23.131637",
  "experiment_name": "scheduler_load_aware_pack_medium",
  "metrics": {
    "total_tasks": 200,
    "successful_tasks": 200,
    "failed_tasks": 0,
    "total_duration_sec": 31.162051916122437,
    "throughput_tasks_per_sec": 6.418062601857267,
    "avg_latency_ms": 20193.39458465576,
    "p50_latency_ms": 20472.114086151123,
    "p95_latency_ms": 23457.314014434814,
    "p99_latency_ms": 25130.350828170776,
    "avg_scheduling_latency_ms": 0.0,
    "avg_queue_latency_ms": 0.0,
    "avg_execution_latency_ms": 0.0,
    "node_distribution": {
      "sage-node-5": 200
    },
    "node_balance_score": 1.0,
    "config": {
      "experiment_name": "scheduler_load_aware_pack_medium",
      "num_tasks": 200,
      "task_complexity": "medium",
      "parallelism": 16,
      "num_nodes": 4,
      "scheduler_type": "load_aware",
      "scheduler_strategy": "pack",
      "use_remote": true,
      "pipeline_stages": 3,
      "enable_rag": true,
      "enable_llm": true
    }
  },
  "latency_details": {
    "total_latencies_ms": [
      19108243.227005005,
      18877822.875976562,
      18657155.990600586,
      18438031.435012817,
      18214451.789855957,
      17991663.455963135,
      17761859.65538025,
      19178268.671035767,
      18953001.022338867,
      18734013.080596924,
      17590780.97343445,
      18519076.585769653,
      17361999.98855591,
      18285621.881484985,
      17129718.780517578,
      18084519.147872925,
      16889260.292053223,
      16652125.358581543,
      17863294.83985901,
      16392910.00366211,
      17660078.525543213,
      17430577.993392944,
      19301570.892333984,
      17196394.681930542,
      19078357.934951782,
      16953869.342803955,
      18862286.32926941,
      16712862.014770508,
      18643864.393234253,
      16489566.087722778,
      18442712.30697632,
      18211359.977722168,
      17987701.654434204,
      17802853.82270813,
      17571767.568588257,
      17338244.915008545,
      17099149.703979492,
      16861507.177352905,
      16626712.799072266,
      19590471.506118774,
      19587562.561035156,
      19373373.03161621,
      19370482.92160034,
      19156576.63345337,
      19155200.481414795,
      18936300.51612854,
      18715286.49330139,
      18933794.260025024,
      18493934.392929077,
      18716003.65638733,
      19631743.669509888,
      18265080.69038391,
      18496677.16026306,
      19402070.999145508,
      18271821.02203369,
      19202043.294906616,
      18067899.703979492,
      18982704.877853394,
      17837676.04827881,
      18765270.948410034,
      18079111.337661743,
      17604147.911071777,
      19687968.254089355,
      18544484.37690735,
      17848501.920700073,
      17363248.586654663,
      19488344.90776062,
      18321226.835250854,
      17613059.520721436,
      17125922.918319702,
      19258147.716522217,
      17374241.11366272,
      16887872.93434143,
      19039035.55870056,
      18126786.470413208,
      17146162.271499634,
      18822026.96800232,
      17895697.355270386,
      16904531.002044678,
      18603032.82737732,
      17657549.85809326,
      18381923.19869995,
      17424734.592437744,
      17197636.365890503,
      18189949.75090027,
      16954547.882080078,
      17957782.983779907,
      17722160.577774048,
      17484290.838241577,
      17258508.443832397,
      17016666.173934937,
      21945248.6038208,
      21732517.24243164,
      21517677.068710327,
      21298593.282699585,
      21077502.727508545,
      20870970.010757446,
      20646939.516067505,
      20442464.59007263,
      20209115.743637085,
      19968806.505203247,
      19729013.681411743,
      19504778.86199951,
      19260686.15913391,
      22591839.31350708,
      22376721.382141113,
      22161244.6308136,
      21940358.638763428,
      21720607.2807312,
      21497269.15359497,
      21273689.031600952,
      21079595.32737732,
      20844378.232955933,
      20602689.266204834,
      20359258.890151978,
      20120694.160461426,
      22886592.626571655,
      22670648.81324768,
      22458457.231521606,
      22239237.785339355,
      22016578.435897827,
      22939326.524734497,
      21793407.678604126,
      22942734.479904175,
      21573960.781097412,
      22727228.16467285,
      22725574.254989624,
      22516551.971435547,
      22511820.316314697,
      22298782.348632812,
      21382908.10585022,
      22296884.059906006,
      22080995.559692383,
      21149992.70439148,
      22077483.892440796,
      21859766.960144043,
      20911054.611206055,
      21850781.91757202,
      23003208.39881897,
      21637544.39353943,
      21626107.454299927,
      20670415.63987732,
      22787035.942077637,
      20432744.74143982,
      22572480.91697693,
      21438472.270965576,
      21423207.998275757,
      22353892.0879364,
      21203747.987747192,
      21191168.069839478,
      22136952.877044678,
      20962431.19239807,
      20951239.585876465,
      20719657.18269348,
      21914070.60623169,
      20708991.050720215,
      20482524.871826172,
      21679241.89567566,
      20472114.086151123,
      21494293.212890625,
      21268739.461898804,
      21036990.880966187,
      20800117.96951294,
      20582969.427108765,
      23234480.85784912,
      23016996.383666992,
      22801945.209503174,
      22584620.475769043,
      22366609.811782837,
      22140511.751174927,
      21936135.292053223,
      21728601.694107056,
      21499998.569488525,
      21267829.418182373,
      21027770.75767517,
      20809487.58125305,
      23457314.014434814,
      23241142.511367798,
      23026708.364486694,
      22814904.68978882,
      22597369.19403076,
      22373018.02635193,
      22156333.923339844,
      21958555.698394775,
      21722692.251205444,
      21483606.815338135,
      21245219.945907593,
      21014394.0448761,
      25343295.81260681,
      25130350.828170776,
      24918954.372406006,
      24706053.256988525,
      24493065.118789673,
      24272881.031036377,
      24058682.203292847,
      23874759.435653687,
      23651245.1171875,
      23423283.100128174,
      23196461.91596985,
      22983315.229415894
    ],
    "scheduling_latencies_ms": [],
    "execution_latencies_ms": []
  },
  "node_latencies_ms": {}
}