{
  "timestamp": "2026-01-16T09:34:31.329532",
  "experiment_name": "scheduler_fifo_medium",
  "metrics": {
    "total_tasks": 200,
    "successful_tasks": 200,
    "failed_tasks": 0,
    "total_duration_sec": 11.045670509338379,
    "throughput_tasks_per_sec": 18.106641858537543,
    "avg_latency_ms": 684.3001413345337,
    "p50_latency_ms": 667.4981117248535,
    "p95_latency_ms": 1106.4276695251465,
    "p99_latency_ms": 1203.697919845581,
    "avg_scheduling_latency_ms": 0.0,
    "avg_queue_latency_ms": 0.0,
    "avg_execution_latency_ms": 0.0,
    "node_distribution": {
      "sage-node-16": 13,
      "sage-node-2": 26,
      "sage-node-7": 37,
      "sage-node-5": 13,
      "sage-node-3": 13,
      "sage-node-14": 25,
      "sage-node-8": 13,
      "sage-node-1": 24,
      "sage-node-12": 12,
      "sage-node-10": 24
    },
    "node_balance_score": 0.5993754875197974,
    "config": {
      "experiment_name": "scheduler_fifo_medium",
      "num_tasks": 200,
      "task_complexity": "medium",
      "parallelism": 16,
      "num_nodes": 4,
      "scheduler_type": "fifo",
      "scheduler_strategy": "spread",
      "use_remote": true,
      "pipeline_stages": 3,
      "enable_rag": true,
      "enable_llm": true
    }
  },
  "latency_details": {
    "total_latencies_ms": [
      1032953.9775848389,
      1031906.3663482666,
      1022493.1240081787,
      1075642.1089172363,
      1020333.7669372559,
      535322.4277496338,
      825166.7022705078,
      520444.6315765381,
      511652.94647216797,
      819889.3070220947,
      810020.6851959229,
      505981.9221496582,
      494651.07917785645,
      859062.671661377,
      484531.4025878906,
      590351.8199920654,
      480819.9405670166,
      1065035.8200073242,
      1050054.7885894775,
      644417.2859191895,
      471395.96939086914,
      1038133.1443786621,
      641111.1354827881,
      674657.1063995361,
      1018780.4698944092,
      1037508.9645385742,
      1008619.5468902588,
      644948.0056762695,
      858627.5577545166,
      985069.751739502,
      853706.8367004395,
      827831.2683105469,
      845012.903213501,
      465472.4597930908,
      485361.09924316406,
      516492.8436279297,
      835040.0924682617,
      822293.0431365967,
      460022.2110748291,
      821335.5541229248,
      455754.51850891113,
      437464.95246887207,
      798855.3047180176,
      394711.4944458008,
      413825.98876953125,
      439791.202545166,
      245236.63520812988,
      231687.5457763672,
      1098387.2413635254,
      571427.583694458,
      436291.4562225342,
      280344.00939941406,
      925906.6581726074,
      1133610.0101470947,
      468535.1848602295,
      647415.8763885498,
      333454.84733581543,
      967505.693435669,
      1203697.919845581,
      552261.1141204834,
      397716.9990539551,
      1044131.0405731201,
      1272598.2666015625,
      601980.6861877441,
      455883.5029602051,
      1109441.0419464111,
      674813.0321502686,
      210488.31939697266,
      513376.23596191406,
      750465.8699035645,
      571580.6484222412,
      266796.1120605469,
      811956.6440582275,
      349431.75315856934,
      646352.0526885986,
      871239.185333252,
      411978.24478149414,
      715769.2909240723,
      446577.0721435547,
      799166.6793823242,
      503253.698348999,
      841533.899307251,
      230578.89938354492,
      560906.6486358643,
      273312.3302459717,
      937882.1849822998,
      613299.8466491699,
      976249.9332427979,
      325287.3420715332,
      691648.006439209,
      1037529.9453735352,
      406832.218170166,
      744885.6830596924,
      1106427.6695251465,
      790241.4798736572,
      467659.71183776855,
      523218.15490722656,
      858887.4340057373,
      222139.3585205078,
      583061.933517456,
      922438.383102417,
      295474.0524291992,
      960619.4496154785,
      632051.4678955078,
      339849.23362731934,
      672902.1072387695,
      1016025.5432128906,
      395965.576171875,
      734386.9209289551,
      1089489.6984100342,
      466799.259185791,
      813780.0693511963,
      524800.0621795654,
      851245.641708374,
      247632.7419281006,
      584101.2001037598,
      921319.0078735352,
      290432.4531555176,
      637255.6686401367,
      985147.7146148682,
      334930.6583404541,
      708664.4172668457,
      1038136.2438201904,
      387907.0281982422,
      762460.470199585,
      1113765.001296997,
      450817.5849914551,
      835750.1029968262,
      510006.6661834717,
      873637.6762390137,
      206400.63285827637,
      567283.3919525146,
      940304.5177459717,
      279849.0524291992,
      613517.7612304688,
      319990.6349182129,
      1004034.2807769775,
      645500.898361206,
      1057311.0580444336,
      376541.1376953125,
      737459.8979949951,
      1110850.3341674805,
      446603.05976867676,
      792492.3896789551,
      510632.5149536133,
      861238.956451416,
      581133.6040496826,
      903479.0992736816,
      261386.87133789062,
      620488.4052276611,
      304549.9324798584,
      967273.2353210449,
      687350.7499694824,
      1017721.1761474609,
      376359.7011566162,
      733806.3716888428,
      1083214.282989502,
      434703.3500671387,
      787988.9011383057,
      487111.33003234863,
      831969.9764251709,
      551102.3998260498,
      214479.4464111328,
      925132.9898834229,
      255521.5358734131,
      618342.6380157471,
      967076.0631561279,
      655049.3240356445,
      327051.87797546387,
      1009165.0485992432,
      722526.3118743896,
      389913.32054138184,
      1076676.1302947998,
      773285.6273651123,
      456601.8581390381,
      830437.6602172852,
      521502.7332305908,
      913235.4259490967,
      564345.121383667,
      242106.19926452637,
      947335.4816436768,
      285138.3686065674,
      629144.4301605225,
      1020862.1025085449,
      349560.022354126,
      695029.0203094482,
      396716.3562774658,
      1080044.7463989258,
      748199.7013092041,
      1137759.2086791992,
      464344.97833251953,
      815473.0796813965,
      541452.4078369141,
      879570.2457427979,
      628006.9351196289,
      970375.0610351562,
      667498.1117248535,
      1038666.4867401123,
      1109925.5084991455,
      1150137.6628875732
    ],
    "scheduling_latencies_ms": [],
    "execution_latencies_ms": []
  },
  "node_latencies_ms": {}
}