{
  "timestamp": "2026-01-16T09:35:46.572673",
  "experiment_name": "scheduler_priority_medium",
  "metrics": {
    "total_tasks": 200,
    "successful_tasks": 200,
    "failed_tasks": 0,
    "total_duration_sec": 19.94587469100952,
    "throughput_tasks_per_sec": 10.027136091963355,
    "avg_latency_ms": 9766.425890922546,
    "p50_latency_ms": 9765.411615371704,
    "p95_latency_ms": 13258.28242301941,
    "p99_latency_ms": 14375.614881515503,
    "avg_scheduling_latency_ms": 0.0,
    "avg_queue_latency_ms": 0.0,
    "avg_execution_latency_ms": 0.0,
    "node_distribution": {
      "sage-node-5": 200
    },
    "node_balance_score": 1.0,
    "config": {
      "experiment_name": "scheduler_priority_medium",
      "num_tasks": 200,
      "task_complexity": "medium",
      "parallelism": 16,
      "num_nodes": 4,
      "scheduler_type": "priority",
      "scheduler_strategy": "spread",
      "use_remote": true,
      "pipeline_stages": 3,
      "enable_rag": true,
      "enable_llm": true
    }
  },
  "latency_details": {
    "total_latencies_ms": [
      10404611.349105835,
      9536716.69960022,
      10111434.698104858,
      9076103.448867798,
      8124900.341033936,
      8565461.39717102,
      7830081.939697266,
      7504061.222076416,
      10618593.454360962,
      10615122.79510498,
      9785417.318344116,
      9662441.01524353,
      10323303.22265625,
      10389155.864715576,
      9304019.689559937,
      9306021.928787231,
      6982211.351394653,
      8761901.61705017,
      8271721.601486206,
      6334177.017211914,
      5761666.774749756,
      5485639.0953063965,
      8433526.039123535,
      5258045.196533203,
      8048232.555389404,
      8967830.419540405,
      8162223.815917969,
      7736044.406890869,
      10882565.49835205,
      7124285.936355591,
      6406633.615493774,
      10033892.154693604,
      10612629.890441895,
      7871855.25894165,
      9546237.707138062,
      9005282.640457153,
      5904042.00553894,
      7000337.12387085,
      8623589.277267456,
      8287478.20854187,
      7882709.980010986,
      6618348.3600616455,
      11042595.863342285,
      7206650.495529175,
      6043184.518814087,
      10166779.518127441,
      5768382.787704468,
      6587923.526763916,
      10721184.492111206,
      5577953.815460205,
      9756526.470184326,
      5741515.398025513,
      9206000.566482544,
      5593120.574951172,
      8843360.662460327,
      8506004.571914673,
      6286693.096160889,
      7523561.000823975,
      6131923.43711853,
      8279481.649398804,
      11485365.390777588,
      6005188.226699829,
      10695292.711257935,
      7153403.759002686,
      11430393.45741272,
      10435150.384902954,
      9843587.875366211,
      9440043.926239014,
      6828641.414642334,
      6717838.0489349365,
      6513875.484466553,
      9403392.553329468,
      8421389.818191528,
      12209680.318832397,
      11385499.954223633,
      9137983.798980713,
      12005476.236343384,
      7815138.816833496,
      7411079.883575439,
      7192849.397659302,
      11045351.266860962,
      10098244.667053223,
      6842675.20904541,
      10556655.883789062,
      9942301.511764526,
      11655898.094177246,
      8717503.547668457,
      12666032.075881958,
      11266237.258911133,
      12310802.936553955,
      10358189.821243286,
      11779809.713363647,
      10714969.158172607,
      9521868.467330933,
      12790471.55380249,
      11364419.69871521,
      12430239.200592041,
      10489228.248596191,
      8145530.223846436,
      10845702.648162842,
      10140581.369400024,
      7853067.636489868,
      10175663.948059082,
      7617676.258087158,
      8927068.23348999,
      9019212.72277832,
      7308212.757110596,
      9628370.523452759,
      9716094.970703125,
      8173062.324523926,
      8306748.151779175,
      7924482.822418213,
      11948694.944381714,
      7950461.149215698,
      11500844.478607178,
      12979266.64352417,
      7384306.192398071,
      7699490.785598755,
      7726475.954055786,
      12571673.154830933,
      10644495.487213135,
      11974700.450897217,
      10977770.566940308,
      11507128.477096558,
      10264939.308166504,
      13047003.030776978,
      12606681.108474731,
      10685953.140258789,
      9128905.057907104,
      10991217.136383057,
      8518575.90675354,
      9789886.713027954,
      12118083.715438843,
      10425587.892532349,
      11647414.445877075,
      8110507.7266693115,
      13122556.686401367,
      7842775.583267212,
      9099443.197250366,
      12664164.066314697,
      8479803.323745728,
      10791611.433029175,
      9760032.892227173,
      11116873.264312744,
      7860614.538192749,
      10490142.583847046,
      8152428.62701416,
      9228906.393051147,
      8487067.937850952,
      9907640.45715332,
      7970759.868621826,
      8220283.508300781,
      12295090.913772583,
      11816546.440124512,
      13360193.490982056,
      12884307.622909546,
      10999276.638031006,
      11336053.848266602,
      10671382.427215576,
      9426335.334777832,
      8723932.981491089,
      10098868.608474731,
      8201198.33946228,
      8489608.0493927,
      13295611.85836792,
      13258282.42301941,
      12802973.27041626,
      12770797.491073608,
      14375614.881515503,
      14361359.119415283,
      11980380.773544312,
      13835243.940353394,
      13870950.937271118,
      11981643.438339233,
      12324824.571609497,
      12343582.86857605,
      11629329.919815063,
      11661277.532577515,
      9677839.517593384,
      10387089.967727661,
      10345206.499099731,
      9713328.123092651,
      11000974.655151367,
      11087783.813476562,
      9179183.959960938,
      9205622.673034668,
      9476298.093795776,
      9552015.542984009,
      13205410.242080688,
      13713178.157806396,
      14827976.942062378,
      12435603.380203247,
      14295717.716217041,
      12785231.828689575,
      12087587.356567383,
      10781993.627548218,
      10165197.134017944,
      11464006.900787354,
      9765411.615371704,
      9935644.149780273
    ],
    "scheduling_latencies_ms": [],
    "execution_latencies_ms": []
  },
  "node_latencies_ms": {}
}