{
  "timestamp": "2026-01-16T09:34:48.473927",
  "experiment_name": "scheduler_load_aware_spread_medium",
  "metrics": {
    "total_tasks": 200,
    "successful_tasks": 200,
    "failed_tasks": 0,
    "total_duration_sec": 13.644636392593384,
    "throughput_tasks_per_sec": 14.657774252494153,
    "avg_latency_ms": 875.3923451900482,
    "p50_latency_ms": 858.1666946411133,
    "p95_latency_ms": 1538.5196208953857,
    "p99_latency_ms": 1840.7659530639648,
    "avg_scheduling_latency_ms": 0.0,
    "avg_queue_latency_ms": 0.0,
    "avg_execution_latency_ms": 0.0,
    "node_distribution": {
      "sage-node-8": 13,
      "sage-node-13": 13,
      "sage-node-11": 13,
      "sage-node-7": 13,
      "sage-node-10": 13,
      "sage-node-9": 13,
      "sage-node-15": 13,
      "sage-node-12": 13,
      "sage-node-14": 12,
      "sage-node-16": 12,
      "sage-node-4": 12,
      "sage-node-1": 12,
      "sage-node-2": 12,
      "sage-node-3": 12,
      "sage-node-6": 12,
      "sage-node-5": 12
    },
    "node_balance_score": 0.96,
    "config": {
      "experiment_name": "scheduler_load_aware_spread_medium",
      "num_tasks": 200,
      "task_complexity": "medium",
      "parallelism": 16,
      "num_nodes": 4,
      "scheduler_type": "load_aware",
      "scheduler_strategy": "spread",
      "use_remote": true,
      "pipeline_stages": 3,
      "enable_rag": true,
      "enable_llm": true
    }
  },
  "latency_details": {
    "total_latencies_ms": [
      596151.1135101318,
      354050.874710083,
      380147.21870422363,
      438875.1983642578,
      664553.165435791,
      691349.5063781738,
      258316.2784576416,
      448302.7458190918,
      323261.2609863281,
      811008.6917877197,
      585629.940032959,
      407128.57246398926,
      911949.1577148438,
      671407.2227478027,
      475373.5065460205,
      1008925.9147644043,
      779366.9700622559,
      580592.6322937012,
      850241.4226531982,
      1124730.3485870361,
      655124.1874694824,
      1205411.672592163,
      280748.6057281494,
      949192.2855377197,
      759210.1097106934,
      1298073.2917785645,
      338057.0411682129,
      1025319.8146820068,
      799872.875213623,
      1370574.2359161377,
      1128312.8261566162,
      461634.63592529297,
      880528.9268493652,
      1472143.6500549316,
      490370.0351715088,
      1235094.3088531494,
      921218.3952331543,
      1291038.990020752,
      1577909.231185913,
      547984.1232299805,
      996139.7647857666,
      1632486.5818023682,
      1389805.0785064697,
      637098.5507965088,
      259239.91203308105,
      1733942.0318603516,
      1083012.580871582,
      690242.0520782471,
      1495800.495147705,
      308334.8274230957,
      1141465.663909912,
      1840765.9530639648,
      1572381.2580108643,
      768214.9410247803,
      1186787.8437042236,
      403189.42070007324,
      1924308.0615997314,
      804937.8395080566,
      467304.7065734863,
      1273333.5494995117,
      887127.3994445801,
      497088.1938934326,
      1338165.283203125,
      980510.2348327637,
      672221.4221954346,
      1041361.3319396973,
      265336.5135192871,
      699181.079864502,
      1102888.584136963,
      363338.9472961426,
      788663.6257171631,
      1191664.457321167,
      432426.69105529785,
      872768.8789367676,
      1243052.4826049805,
      482781.41021728516,
      921400.5470275879,
      1313771.9631195068,
      551037.5499725342,
      1003720.760345459,
      629686.1171722412,
      1064072.608947754,
      288598.77586364746,
      695531.3682556152,
      1172271.0132598877,
      347314.83459472656,
      779811.8591308594,
      1217768.669128418,
      422211.1701965332,
      831984.5199584961,
      1311856.2698364258,
      514646.5301513672,
      916705.6083679199,
      1380180.5973052979,
      963630.199432373,
      591333.3892822266,
      1058825.4928588867,
      670146.2268829346,
      246853.59001159668,
      1128601.7894744873,
      739331.7222595215,
      304927.5875091553,
      380651.47399902344,
      823453.9031982422,
      1219348.9074707031,
      1267527.1034240723,
      902238.6074066162,
      462307.2147369385,
      1335165.26222229,
      967706.6802978516,
      546408.4148406982,
      617564.2013549805,
      1089210.5102539062,
      283997.7741241455,
      698645.3533172607,
      1146683.692932129,
      335045.57609558105,
      1219443.7980651855,
      776516.6759490967,
      414416.5515899658,
      815180.0632476807,
      1303833.7230682373,
      882045.9842681885,
      496836.18545532227,
      1393034.2197418213,
      963593.4829711914,
      580179.2144775391,
      1442220.687866211,
      1044950.4852294922,
      650044.2028045654,
      271070.7187652588,
      1120277.1663665771,
      719031.0955047607,
      319863.55781555176,
      749809.741973877,
      1180919.4087982178,
      404152.63175964355,
      836715.2214050293,
      1268115.520477295,
      493732.6908111572,
      912718.5344696045,
      1323030.2333831787,
      549097.2995758057,
      1003146.8868255615,
      661903.8581848145,
      1092991.828918457,
      275593.99604797363,
      733031.7497253418,
      1164500.4749298096,
      358523.3688354492,
      806855.9169769287,
      1230760.097503662,
      410326.2424468994,
      858166.6946411133,
      1318991.1842346191,
      497375.2498626709,
      923544.6453094482,
      1372637.7487182617,
      585102.7965545654,
      1006808.5193634033,
      651225.5668640137,
      1102381.2294006348,
      269717.4549102783,
      722030.6396484375,
      1170184.3738555908,
      365382.43293762207,
      813911.4379882812,
      1253585.5770111084,
      431447.50595092773,
      1312814.2356872559,
      915436.0294342041,
      525795.2213287354,
      992342.9489135742,
      1424501.895904541,
      634637.5942230225,
      1102896.4519500732,
      724376.916885376,
      1178958.8928222656,
      356157.5412750244,
      816339.7312164307,
      1329442.2626495361,
      462292.1943664551,
      918566.7037963867,
      1408845.1862335205,
      1030084.6099853516,
      588573.4558105469,
      1484457.7312469482,
      658105.1349639893,
      1127263.3075714111,
      1634442.3294067383,
      783916.711807251,
      1250871.181488037,
      871966.1235809326,
      1388019.08493042,
      956298.1128692627,
      1476744.8902130127,
      1035602.8079986572,
      1538519.6208953857,
      1610902.3094177246,
      1669617.1760559082
    ],
    "scheduling_latencies_ms": [],
    "execution_latencies_ms": []
  },
  "node_latencies_ms": {}
}